Well,Date,Prod_Months,Days,Oil,Water,Gas,Water_Inj,Oil_Rate,Water_Rate,Water_Cut,WOR,Cum_Oil,Cum_Water
15/9-F-1 C,2014-04-01,0.492813,30,11142.5,0,1.59794e+06,0,371.416,0,0,0,11142.5,0
15/9-F-1 C,2014-05-01,1.49487,31,24902,783.48,3.49623e+06,0,803.289,25.2735,0.0305029,0.0314626,36044.4,783.48
15/9-F-1 C,2014-06-01,2.49692,30,19617.8,2068.48,2.88666e+06,0,653.925,68.9493,0.0953821,0.105439,55662.2,2851.96
15/9-F-1 C,2014-07-01,3.49897,31,15085.7,6243.98,2.24937e+06,0,486.635,201.419,0.292737,0.413901,70747.9,9095.94
15/9-F-1 C,2014-08-01,4.51745,31,6970.43,4529.75,1.04819e+06,0,224.853,146.121,0.393885,0.649852,77718.3,13625.7
15/9-F-1 C,2014-09-01,5.51951,30,9168.43,8317.59,1.4141e+06,0,305.614,277.253,0.475671,0.907199,86886.7,21943.3
15/9-F-1 C,2014-10-01,6.52156,31,9468.06,10364.9,1.46206e+06,0,305.421,334.351,0.522609,1.09472,96354.8,32308.2
15/9-F-1 C,2014-11-01,7.52361,30,6710.33,7234.24,1.04419e+06,0,223.678,241.141,0.518785,1.07808,103065,39542.4
15/9-F-1 C,2014-12-01,8.52567,31,120.29,183.44,25857.1,0,3.88032,5.91742,0.603957,1.52498,103185,39725.8
15/9-F-1 C,2015-01-01,9.54415,31,10875.5,6850.8,1.60493e+06,0,350.824,220.994,0.386476,0.629928,114061,46576.6
15/9-F-1 C,2015-02-01,10.5133,28,9586.64,10745,1.43945e+06,0,342.38,383.75,0.528486,1.12083,123648,57321.6
15/9-F-1 C,2015-03-01,11.4825,31,5879.22,11607.4,856681,0,189.652,374.434,0.663788,1.97432,129527,68929.1
15/9-F-1 C,2015-04-01,12.4846,30,3924.18,9815.16,566710,0,130.806,327.172,0.714384,2.5012,133451,78744.2
15/9-F-1 C,2015-05-01,13.4867,31,3832.69,6167.47,559060,0,123.635,198.951,0.616737,1.60918,137284,84911.7
15/9-F-1 C,2015-06-01,14.4887,30,6344.5,14548.7,925337,0,211.483,484.956,0.696336,2.29312,143628,99460.4
15/9-F-1 C,2015-07-01,15.4908,31,2093.95,8454.26,315179,0,67.5468,272.718,0.801488,4.03747,145722,107915
15/9-F-1 C,2015-08-01,16.5092,31,2871.02,5334.03,427693,0,92.6135,172.065,0.650091,1.85789,148593,113249
15/9-F-1 C,2015-09-01,17.5113,30,6460.27,14767.1,961548,0,215.342,492.237,0.695663,2.28584,155053,128016
15/9-F-1 C,2015-10-01,18.5133,31,4085.8,13538.7,631373,0,131.8,436.733,0.768175,3.3136,159139,141554
15/9-F-1 C,2015-11-01,19.5154,30,3332.05,11682.3,508384,0,111.068,389.41,0.778076,3.50604,162471,153237
15/9-F-1 C,2015-12-01,20.5175,31,2949.42,6231.55,454911,0,95.1426,201.018,0.678746,2.11281,165421,159468
15/9-F-1 C,2016-01-01,21.5359,31,2981.44,14036.3,471676,0,96.1755,452.783,0.824804,4.70789,168402,173505
15/9-F-1 C,2016-02-01,22.5216,29,4718.03,15945.7,742340,0,162.691,549.853,0.771676,3.37974,173120,189450
15/9-F-1 C,2016-03-01,23.5072,31,2917.5,13410.9,476830,0,94.1129,432.609,0.821323,4.59671,176038,202861
15/9-F-1 C,2016-04-01,24.5092,30,1671.69,4441.13,274213,0,55.723,148.038,0.726527,2.65667,177709,207302
15/9-F-11,2013-07-01,0.50924,31,3923.08,0,590505,0,126.551,0,0,0,3923.08,0
15/9-F-11,2013-08-01,1.52772,31,25496.1,520.01,3.87194e+06,0,822.454,16.7745,0.019988,0.0203957,29419.2,520.01
15/9-F-11,2013-09-01,2.52977,30,23775.1,1573.61,3.66157e+06,0,792.503,52.4537,0.0620786,0.0661874,53194.2,2093.62
15/9-F-11,2013-10-01,3.53183,31,34114.5,1926.53,5.27272e+06,0,1100.47,62.1461,0.0534538,0.0564725,87308.7,4020.15
15/9-F-11,2013-11-01,4.53388,30,35386.3,3791.22,5.41349e+06,0,1179.54,126.374,0.0967702,0.107138,122695,7811.37
15/9-F-11,2013-12-01,5.53593,31,33405.8,4963.26,5.19066e+06,0,1077.6,160.105,0.129356,0.148575,156101,12774.6
15/9-F-11,2014-01-01,6.55441,31,34552.4,4343.49,5.19335e+06,0,1114.59,140.113,0.11167,0.125707,190653,17118.1
15/9-F-11,2014-02-01,7.52361,28,28190,2841.37,4.25528e+06,0,1006.78,101.477,0.0915645,0.100794,218843,19959.5
15/9-F-11,2014-03-01,8.49281,31,33290.8,3692.22,5.03985e+06,0,1073.9,119.104,0.0998356,0.110908,252134,23651.7
15/9-F-11,2014-04-01,9.49487,30,35428.7,4124.45,5.30196e+06,0,1180.96,137.482,0.104276,0.116415,287563,27776.2
15/9-F-11,2014-05-01,10.4969,31,34831.9,5017.47,4.90262e+06,0,1123.61,161.854,0.125911,0.144048,322395,32793.6
15/9-F-11,2014-06-01,11.499,30,33898.6,6083.59,4.99068e+06,0,1129.95,202.786,0.152157,0.179464,356293,38877.2
15/9-F-11,2014-07-01,12.501,31,33760.3,6800.85,5.03592e+06,0,1089.04,219.382,0.167669,0.201445,390054,45678.1
15/9-F-11,2014-08-01,13.5195,31,26037.5,6076.52,4.03377e+06,0,839.921,196.017,0.189217,0.233375,416091,51754.6
15/9-F-11,2014-09-01,14.5216,30,33221.6,8349.05,5.22033e+06,0,1107.39,278.302,0.20084,0.251314,449313,60103.6
15/9-F-11,2014-10-01,15.5236,31,33851.7,10287.9,5.23721e+06,0,1091.99,331.868,0.233076,0.303911,483164,70391.5
15/9-F-11,2014-11-01,16.5257,30,26611.5,9403.58,4.15312e+06,0,887.05,313.453,0.261101,0.353365,509776,79795.1
15/9-F-11,2014-12-01,17.5277,31,8547.92,3079.05,1.41311e+06,0,275.739,99.3242,0.26482,0.36021,518324,82874.2
15/9-F-11,2015-01-01,18.5462,31,29561.8,13860.6,4.35898e+06,0,953.606,447.116,0.319204,0.468869,547886,96734.8
15/9-F-11,2015-02-01,19.5154,28,25347.2,14061,3.83607e+06,0,905.258,502.179,0.356804,0.554736,573233,110796
15/9-F-11,2015-03-01,20.4846,31,44316.2,19387.3,6.5167e+06,0,1429.55,625.397,0.304337,0.437477,617549,130183
15/9-F-11,2015-04-01,21.4867,30,54555.8,23839.7,7.95647e+06,0,1818.53,794.657,0.304096,0.436979,672105,154023
15/9-F-11,2015-05-01,22.4887,31,55029.2,24425.5,8.02751e+06,0,1775.14,787.92,0.307414,0.443865,727134,178448
15/9-F-11,2015-06-01,23.4908,30,48231.1,22891.6,7.06585e+06,0,1607.7,763.054,0.321861,0.474624,775365,201340
15/9-F-11,2015-07-01,24.4928,31,43784.7,36195.9,6.50885e+06,0,1412.41,1167.61,0.452559,0.826681,819150,237536
15/9-F-11,2015-08-01,25.5113,31,31498.2,31870.4,4.7699e+06,0,1016.07,1028.08,0.502937,1.01182,850648,269406
15/9-F-11,2015-09-01,26.5133,30,31424.6,37411.8,4.74811e+06,0,1047.49,1247.06,0.543489,1.19053,882073,306818
15/9-F-11,2015-10-01,27.5154,31,29724.8,38022.6,4.50157e+06,0,958.864,1226.53,0.561241,1.27915,911797,344841
15/9-F-11,2015-11-01,28.5175,30,36410.2,57058.6,5.55857e+06,0,1213.67,1901.95,0.610456,1.5671,948208,401899
15/9-F-11,2015-12-01,29.5195,31,35933.9,62976.3,5.50467e+06,0,1159.16,2031.49,0.636702,1.75256,984141,464876
15/9-F-11,2016-01-01,30.538,31,31603.3,67980.7,4.94994e+06,0,1019.46,2192.92,0.682647,2.15106,1.01574e+06,532856
15/9-F-11,2016-02-01,31.5236,29,25954.6,66610.5,4.09329e+06,0,894.985,2296.91,0.719607,2.56643,1.0417e+06,599467
15/9-F-11,2016-03-01,32.5092,31,25023.7,76637,4.03204e+06,0,807.215,2472.16,0.753851,3.06258,1.06672e+06,676104
15/9-F-11,2016-04-01,33.5113,30,13429,57931.7,2.19443e+06,0,447.633,1931.06,0.811815,4.31392,1.08015e+06,734035
15/9-F-11,2016-05-01,34.5133,31,15528.8,73445.2,2.45071e+06,0,500.927,2369.2,0.825469,4.72963,1.09568e+06,807481
15/9-F-11,2016-06-01,35.5154,30,14590.6,71699.4,2.34913e+06,0,486.354,2389.98,0.830912,4.91407,1.11027e+06,879180
15/9-F-11,2016-07-01,36.5175,31,14384.9,77084.7,2.30945e+06,0,464.028,2486.6,0.842736,5.35873,1.12466e+06,956265
15/9-F-11,2016-08-01,37.5359,31,14583.7,87762.2,2.34137e+06,0,470.443,2831.04,0.857506,6.01782,1.13924e+06,1.04403e+06
15/9-F-11,2016-09-01,38.538,30,8609.18,46779.4,1.45882e+06,0,286.973,1559.31,0.844568,5.43366,1.14785e+06,1.09081e+06
15/9-F-12,2008-02-01,0.476386,29,49091.1,412.61,7.06801e+06,0,1692.8,14.2279,0.00833494,0.00840499,49091.1,412.61
15/9-F-12,2008-03-01,1.46201,31,83361.3,27.42,1.21912e+07,0,2689.07,0.884516,0.000328822,0.00032893,132452,440.03
15/9-F-12,2008-04-01,2.46407,30,74532.4,482.05,1.15064e+07,0,2484.41,16.0683,0.00642609,0.00646765,206985,922.08
15/9-F-12,2008-05-01,3.46612,31,125479,16280.1,1.90919e+07,0,4047.7,525.165,0.114844,0.129744,332463,17202.2
15/9-F-12,2008-06-01,4.46817,30,143787,474.37,2.15123e+07,0,4792.9,15.8123,0.00328827,0.00329912,476250,17676.6
15/9-F-12,2008-07-01,5.47023,31,114995,290.02,1.71164e+07,0,3709.5,9.35548,0.00251569,0.00252203,591245,17966.6
15/9-F-12,2008-08-01,6.48871,31,97822.5,354.18,1.4143e+07,0,3155.56,11.4252,0.00360758,0.00362064,689067,18320.8
15/9-F-12,2008-09-01,7.49076,30,77666.9,188.39,1.11859e+07,0,2588.9,6.27967,0.00241974,0.00242561,766734,18509.2
15/9-F-12,2008-10-01,8.49281,31,94357.2,624.05,1.34308e+07,0,3043.78,20.1306,0.00657024,0.0066137,861091,19133.2
15/9-F-12,2008-11-01,9.49487,30,145916,2390.31,2.08371e+07,0,4863.85,79.677,0.0161174,0.0163815,1.00701e+06,21523.5
15/9-F-12,2008-12-01,10.4969,31,166440,1003.31,2.41064e+07,0,5369.02,32.3648,0.00599195,0.00602807,1.17345e+06,22526.8
15/9-F-12,2009-01-01,11.5154,31,153677,389.76,2.22552e+07,0,4957.33,12.5729,0.00252981,0.00253623,1.32712e+06,22916.6
15/9-F-12,2009-02-01,12.4846,28,121905,0,1.74271e+07,0,4353.75,0,0,0,1.44903e+06,22916.6
15/9-F-12,2009-03-01,13.4538,31,92958.7,0,1.31235e+07,0,2998.67,0,0,0,1.54199e+06,22916.6
15/9-F-12,2009-04-01,14.4559,30,150956,1246.29,2.09311e+07,0,5031.86,41.543,0.0081884,0.008256,1.69294e+06,24162.9
15/9-F-12,2009-05-01,15.4579,31,141039,3106.49,1.93669e+07,0,4549.65,100.209,0.0215511,0.0220258,1.83398e+06,27269.4
15/9-F-12,2009-06-01,16.46,30,132430,2658.63,1.77875e+07,0,4414.32,88.621,0.0196807,0.0200758,1.96641e+06,29928
15/9-F-12,2009-07-01,17.462,31,106105,3289.44,1.4722e+07,0,3422.75,106.111,0.0300695,0.0310017,2.07252e+06,33217.4
15/9-F-12,2009-08-01,18.4805,31,112414,5024.01,1.56763e+07,0,3626.27,162.065,0.04278,0.0446919,2.18493e+06,38241.4
15/9-F-12,2009-09-01,19.4825,30,90098.9,2235.08,1.25534e+07,0,3003.3,74.5027,0.0242065,0.024807,2.27503e+06,40476.5
15/9-F-12,2009-10-01,20.4846,31,126940,6812.79,1.78197e+07,0,4094.83,219.767,0.0509358,0.0536695,2.40197e+06,47289.3
15/9-F-12,2009-11-01,21.4867,30,136016,11286.9,1.91816e+07,0,4533.86,376.229,0.0766237,0.0829821,2.53799e+06,58576.2
15/9-F-12,2009-12-01,22.4887,31,158002,17321.2,2.21609e+07,0,5096.82,558.748,0.0987961,0.109627,2.69599e+06,75897.4
15/9-F-12,2010-01-01,23.5072,31,149659,30230.3,2.10446e+07,0,4827.7,975.17,0.168049,0.201995,2.84565e+06,106128
15/9-F-12,2010-02-01,24.4764,28,103026,43215.7,1.45206e+07,0,3679.5,1543.42,0.295509,0.419464,2.94867e+06,149343
15/9-F-12,2010-03-01,25.4456,31,101572,53998.5,1.42785e+07,0,3276.5,1741.89,0.347101,0.53163,3.05024e+06,203342
15/9-F-12,2010-04-01,26.4476,30,86253.6,67996.1,1.21611e+07,0,2875.12,2266.54,0.440818,0.788327,3.1365e+06,271338
15/9-F-12,2010-05-01,27.4497,31,77113.6,74438.3,1.09704e+07,0,2487.53,2401.24,0.491174,0.965308,3.21361e+06,345776
15/9-F-12,2010-06-01,28.4517,30,69617.4,83268.4,9.94453e+06,0,2320.58,2775.61,0.544644,1.19609,3.28323e+06,429045
15/9-F-12,2010-07-01,29.4538,31,64039.7,95054.1,9.28338e+06,0,2065.8,3066.26,0.597472,1.4843,3.34727e+06,524099
15/9-F-12,2010-08-01,30.4723,31,30117.4,54787.7,4.3465e+06,0,971.528,1767.34,0.645282,1.81914,3.37739e+06,578886
15/9-F-12,2010-09-01,31.4743,30,51312.9,89428.8,7.75021e+06,0,1710.43,2980.96,0.635411,1.74281,3.4287e+06,668315
15/9-F-12,2010-10-01,32.4764,31,51430.6,99542.9,7.74138e+06,0,1659.05,3211.06,0.65934,1.93548,3.48013e+06,767858
15/9-F-12,2010-11-01,33.4784,30,44468.4,102236,6.74708e+06,0,1482.28,3407.86,0.696883,2.29906,3.5246e+06,870094
15/9-F-12,2010-12-01,34.4805,31,45218,111336,6.91066e+06,0,1458.64,3591.48,0.711167,2.46221,3.56982e+06,981430
15/9-F-12,2011-01-01,35.499,31,44746.6,116886,6.824e+06,0,1443.44,3770.5,0.723158,2.61217,3.61456e+06,1.09832e+06
15/9-F-12,2011-02-01,36.4682,28,29157.5,85274.2,4.51923e+06,0,1041.34,3045.51,0.745197,2.92461,3.64372e+06,1.18359e+06
15/9-F-12,2011-03-01,37.4374,31,37395.1,113239,5.76022e+06,0,1206.29,3652.88,0.75175,3.02819,3.68111e+06,1.29683e+06
15/9-F-12,2011-04-01,38.4394,30,37819.7,116196,5.87746e+06,0,1260.66,3873.21,0.754443,3.07238,3.71893e+06,1.41303e+06
15/9-F-12,2011-05-01,39.4415,31,37204.7,119567,5.80174e+06,0,1200.15,3857.02,0.762683,3.21377,3.75614e+06,1.53259e+06
15/9-F-12,2011-06-01,40.4435,30,22026.1,74563.4,3.41203e+06,0,734.202,2485.45,0.771962,3.38524,3.77816e+06,1.60716e+06
15/9-F-12,2011-07-01,41.4456,31,12462.4,31887.5,1.82375e+06,0,402.014,1028.63,0.718998,2.55869,3.79063e+06,1.63904e+06
15/9-F-12,2011-08-01,42.4641,31,36380.2,99004.9,5.44652e+06,0,1173.55,3193.71,0.731284,2.7214,3.82701e+06,1.73805e+06
15/9-F-12,2011-09-01,43.4661,30,29999.2,110472,4.56641e+06,0,999.972,3682.39,0.786439,3.6825,3.85701e+06,1.84852e+06
15/9-F-12,2011-10-01,44.4682,31,12647.5,52875.8,1.91966e+06,0,407.984,1705.67,0.806977,4.18073,3.86965e+06,1.9014e+06
15/9-F-12,2011-11-01,45.4702,30,21789,75772.9,3.24243e+06,0,726.302,2525.76,0.776665,3.47757,3.89144e+06,1.97717e+06
15/9-F-12,2011-12-01,46.4723,31,18090.2,64676.7,2.65049e+06,0,583.555,2086.34,0.781432,3.57523,3.90953e+06,2.04185e+06
15/9-F-12,2012-01-01,47.4908,31,18217.8,63857.7,2.72257e+06,0,587.673,2059.93,0.778036,3.50523,3.92775e+06,2.1057e+06
15/9-F-12,2012-02-01,48.4764,29,27362.3,133955,4.28992e+06,0,943.526,4619.14,0.830382,4.89561,3.95511e+06,2.23966e+06
15/9-F-12,2012-03-01,49.462,31,26679.9,142184,4.27619e+06,0,860.641,4586.58,0.842004,5.32926,3.98179e+06,2.38184e+06
15/9-F-12,2012-04-01,50.4641,30,24088.3,138112,3.86615e+06,0,802.945,4603.75,0.851491,5.73358,4.00588e+06,2.51995e+06
15/9-F-12,2012-05-01,51.4661,31,22415.2,140203,3.63096e+06,0,723.069,4522.69,0.862161,6.25485,4.0283e+06,2.66016e+06
15/9-F-12,2012-06-01,52.4682,30,20887.4,134081,3.39465e+06,0,696.246,4469.37,0.865215,6.41925,4.04918e+06,2.79424e+06
15/9-F-12,2012-07-01,53.4702,31,21206.9,140165,3.44477e+06,0,684.095,4521.44,0.868583,6.60937,4.07039e+06,2.9344e+06
15/9-F-12,2012-08-01,54.4887,31,8998.24,54786.6,1.37616e+06,0,290.266,1767.31,0.858928,6.08859,4.07939e+06,2.98919e+06
15/9-F-12,2012-09-01,55.4908,30,1013.93,4513.08,156920,0,33.7977,150.436,0.81655,4.45108,4.0804e+06,2.9937e+06
15/9-F-12,2012-10-01,56.4928,31,19612.8,121317,3.06759e+06,0,632.673,3913.47,0.860833,6.18561,4.10002e+06,3.11502e+06
15/9-F-12,2012-11-01,57.4949,30,19018.9,134909,3.08644e+06,0,633.963,4496.98,0.876443,7.09344,4.11903e+06,3.24993e+06
15/9-F-12,2012-12-01,58.4969,31,16320.6,131667,2.71729e+06,0,526.473,4247.34,0.889716,8.06754,4.13536e+06,3.3816e+06
15/9-F-12,2013-01-01,59.5154,31,17408.6,139784,2.88118e+06,0,561.567,4509.16,0.889253,8.0296,4.15276e+06,3.52138e+06
15/9-F-12,2013-02-01,60.4846,28,15087.4,126325,2.46125e+06,0,538.835,4511.62,0.89331,8.37292,4.16785e+06,3.64771e+06
15/9-F-12,2013-03-01,61.4538,31,6305.81,57120.8,1.05367e+06,0,203.413,1842.61,0.900581,9.05843,4.17416e+06,3.70483e+06
15/9-F-12,2013-04-01,62.4559,30,12351.3,102945,2.05529e+06,0,411.711,3431.51,0.892873,8.33476,4.18651e+06,3.80777e+06
15/9-F-12,2013-05-01,63.4579,31,16313.4,147165,2.75776e+06,0,526.239,4747.25,0.90021,9.02109,4.20282e+06,3.95494e+06
15/9-F-12,2013-06-01,64.46,30,11899.6,112559,2.03722e+06,0,396.652,3751.97,0.904389,9.45909,4.21472e+06,4.0675e+06
15/9-F-12,2013-07-01,65.462,31,11861.6,112173,1.9197e+06,0,382.633,3618.47,0.904368,9.45676,4.22658e+06,4.17967e+06
15/9-F-12,2013-08-01,66.4805,31,15147.2,152995,2.35424e+06,0,488.619,4935.32,0.909914,10.1006,4.24173e+06,4.33266e+06
15/9-F-12,2013-09-01,67.4825,30,9223.53,104678,1.44682e+06,0,307.451,3489.28,0.919022,11.3491,4.25095e+06,4.43734e+06
15/9-F-12,2013-10-01,68.4846,31,8305.01,137535,1.28358e+06,0,267.904,4436.6,0.943054,16.5604,4.25926e+06,4.57488e+06
15/9-F-12,2013-11-01,69.4867,30,7170.56,122993,1.10296e+06,0,239.019,4099.77,0.944911,17.1525,4.26643e+06,4.69787e+06
15/9-F-12,2013-12-01,70.4887,31,7079.52,125859,1.10139e+06,0,228.372,4059.98,0.946746,17.7779,4.27351e+06,4.82373e+06
15/9-F-12,2014-01-01,71.5072,31,4997.24,87030.3,766196,0,161.201,2807.43,0.945698,17.4157,4.27851e+06,4.91076e+06
15/9-F-12,2014-02-01,72.4764,28,6101.4,110298,921967,0,217.907,3939.21,0.947582,18.0775,4.28461e+06,5.02106e+06
15/9-F-12,2014-03-01,73.4456,31,6835.66,127351,1.03607e+06,0,220.505,4108.1,0.949059,18.6304,4.29144e+06,5.14841e+06
15/9-F-12,2014-04-01,74.4476,30,5892.01,141145,883605,0,196.4,4704.83,0.959928,23.9553,4.29734e+06,5.28955e+06
15/9-F-12,2014-05-01,75.4497,31,3237.7,88748.3,469664,0,104.442,2862.85,0.964802,27.4109,4.30057e+06,5.3783e+06
15/9-F-12,2014-06-01,76.4517,30,5751.2,152035,846734,0,191.707,5067.82,0.963551,26.4353,4.30632e+06,5.53034e+06
15/9-F-12,2014-07-01,77.4538,31,5791.84,152314,864046,0,186.834,4913.37,0.963367,26.2981,4.31212e+06,5.68265e+06
15/9-F-12,2014-08-01,78.4723,31,4448.49,126629,704538,0,143.5,4084.81,0.966062,28.4656,4.31656e+06,5.80928e+06
15/9-F-12,2014-09-01,79.4743,30,5062.59,149376,803971,0,168.753,4979.19,0.967219,29.5058,4.32163e+06,5.95866e+06
15/9-F-12,2014-10-01,80.4764,31,5385.61,155366,833121,0,173.729,5011.8,0.966497,28.8483,4.32701e+06,6.11402e+06
15/9-F-12,2014-11-01,81.4784,30,4495.06,114661,700998,0,149.835,3822.02,0.962276,25.5082,4.33151e+06,6.22868e+06
15/9-F-12,2014-12-01,82.4805,31,0,0,0,0,0,0,,,4.33151e+06,6.22868e+06
15/9-F-12,2015-01-01,83.499,31,25712.5,11588.2,3.78046e+06,0,829.437,373.814,0.31067,0.450683,4.35722e+06,6.24027e+06
15/9-F-12,2015-02-01,84.4682,28,19578.5,15115.5,2.96067e+06,0,699.234,539.839,0.43568,0.772044,4.3768e+06,6.25539e+06
15/9-F-12,2015-03-01,85.4374,31,19341.4,19255.7,2.85343e+06,0,623.917,621.15,0.498889,0.995565,4.39614e+06,6.27464e+06
15/9-F-12,2015-04-01,86.4394,30,19796.6,20808.1,2.88939e+06,0,659.885,693.602,0.512455,1.05109,4.41594e+06,6.29545e+06
15/9-F-12,2015-05-01,87.4415,31,16996.5,25200.8,2.47962e+06,0,548.274,812.93,0.597214,1.48271,4.43293e+06,6.32065e+06
15/9-F-12,2015-06-01,88.4435,30,19536.3,32902.7,2.85971e+06,0,651.21,1096.76,0.627447,1.68418,4.45247e+06,6.35355e+06
15/9-F-12,2015-07-01,89.4456,31,19157.5,36480.5,2.84682e+06,0,617.982,1176.79,0.655677,1.90425,4.47163e+06,6.39003e+06
15/9-F-12,2015-08-01,90.4641,31,13473.3,31629,2.04712e+06,0,434.622,1020.29,0.701273,2.34754,4.4851e+06,6.42166e+06
15/9-F-12,2015-09-01,91.4661,30,12494.5,35065.4,1.88805e+06,0,416.484,1168.85,0.737289,2.80646,4.49759e+06,6.45673e+06
15/9-F-12,2015-10-01,92.4682,31,11888.6,38151.1,1.82133e+06,0,383.504,1230.68,0.762416,3.20904,4.50948e+06,6.49488e+06
15/9-F-12,2015-11-01,93.4702,30,11369.5,37662.5,1.74831e+06,0,378.983,1255.42,0.768121,3.3126,4.52085e+06,6.53254e+06
15/9-F-12,2015-12-01,94.4723,31,10856,37288,1.66245e+06,0,350.193,1202.84,0.77451,3.43479,4.53171e+06,6.56983e+06
15/9-F-12,2016-01-01,95.4908,31,9494.98,38969.9,1.48734e+06,0,306.29,1257.09,0.804085,4.10426,4.5412e+06,6.6088e+06
15/9-F-12,2016-02-01,96.4764,29,7644.12,35253.5,1.20555e+06,0,263.59,1215.64,0.821805,4.61184,4.54885e+06,6.64405e+06
15/9-F-12,2016-03-01,97.462,31,7359.93,40507.2,1.18589e+06,0,237.417,1306.68,0.846243,5.50375,4.55621e+06,6.68456e+06
15/9-F-12,2016-04-01,98.4641,30,6152.17,37126,1.01503e+06,0,205.072,1237.53,0.857846,6.03463,4.56236e+06,6.72169e+06
15/9-F-12,2016-05-01,99.4661,31,5865.13,36147.8,925514,0,189.198,1166.06,0.860397,6.16317,4.56823e+06,6.75783e+06
15/9-F-12,2016-06-01,100.468,30,5408.31,34608.4,870533,0,180.277,1153.62,0.864849,6.39912,4.57363e+06,6.79244e+06
15/9-F-12,2016-07-01,101.47,31,4533.82,29940.2,729319,0,146.252,965.812,0.868486,6.60374,4.57817e+06,6.82238e+06
15/9-F-12,2016-08-01,102.489,31,1442.03,10937.1,232558,0,46.5171,352.811,0.883512,7.58454,4.57961e+06,6.83332e+06
15/9-F-12,2016-09-01,103.491,30,0,0,0,0,0,0,,,4.57961e+06,6.83332e+06
15/9-F-14,2008-02-01,-4.4846,29,0,0,0,0,0,0,,,0,0
15/9-F-14,2008-03-01,-3.49897,31,0,0,0,0,0,0,,,0,0
15/9-F-14,2008-04-01,-2.49692,30,0,0,0,0,0,0,,,0,0
15/9-F-14,2008-05-01,-1.49487,31,0,0,0,0,0,0,,,0,0
15/9-F-14,2008-06-01,-0.492813,30,0,0,0,0,0,0,,,0,0
15/9-F-14,2008-07-01,0.50924,31,51285.1,126.17,7.53886e+06,0,1654.36,4.07,0.00245413,0.00246017,51285.1,126.17
15/9-F-14,2008-08-01,1.52772,31,67621.2,222.53,9.78053e+06,0,2181.33,7.17839,0.00328004,0.00329083,118906,348.7
15/9-F-14,2008-09-01,2.52977,30,114596,275.73,1.63405e+07,0,3819.88,9.191,0.00240032,0.0024061,233503,624.43
15/9-F-14,2008-10-01,3.53183,31,142817,101.25,2.03269e+07,0,4607,3.26613,0.000708447,0.000708949,376320,725.68
15/9-F-14,2008-11-01,4.53388,30,104410,189.89,1.4906e+07,0,3480.32,6.32967,0.0018154,0.0018187,480729,915.57
15/9-F-14,2008-12-01,5.53593,31,110199,66.54,1.59563e+07,0,3554.82,2.14645,0.000603451,0.000603815,590928,982.11
15/9-F-14,2009-01-01,6.55441,31,115573,977.79,1.67185e+07,0,3728.15,31.5416,0.00838941,0.00846039,706501,1959.9
15/9-F-14,2009-02-01,7.52361,28,113881,2529.24,1.62544e+07,0,4067.18,90.33,0.021727,0.0222095,820382,4489.14
15/9-F-14,2009-03-01,8.49281,31,90644.4,1678.17,1.27025e+07,0,2924.01,54.1345,0.0181772,0.0185138,911027,6167.31
15/9-F-14,2009-04-01,9.49487,30,86944.1,246.47,1.19267e+07,0,2898.14,8.21567,0.0028268,0.00283481,997971,6413.78
15/9-F-14,2009-05-01,10.4969,31,116175,3440.05,1.59445e+07,0,3747.58,110.969,0.0287593,0.0296109,1.11415e+06,9853.83
15/9-F-14,2009-06-01,11.499,30,86654,5731.18,1.21419e+07,0,2888.47,191.039,0.0620357,0.0661386,1.2008e+06,15585
15/9-F-14,2009-07-01,12.501,31,64871.8,6772.73,9.12786e+06,0,2092.64,218.475,0.0945324,0.104402,1.26567e+06,22357.7
15/9-F-14,2009-08-01,13.5195,31,112494,20793.8,1.56646e+07,0,3628.82,670.767,0.156007,0.184844,1.37817e+06,43151.5
15/9-F-14,2009-09-01,14.5216,30,90349.8,15274.8,1.25646e+07,0,3011.66,509.161,0.144614,0.169063,1.46851e+06,58426.4
15/9-F-14,2009-10-01,15.5236,31,96707.3,26099.1,1.35566e+07,0,3119.59,841.905,0.212522,0.269877,1.56522e+06,84525.4
15/9-F-14,2009-11-01,16.5257,30,98043.5,39016.4,1.38219e+07,0,3268.12,1300.55,0.284667,0.39795,1.66327e+06,123542
15/9-F-14,2009-12-01,17.5277,31,89514.4,56173.4,1.25529e+07,0,2887.56,1812.05,0.385574,0.627535,1.75278e+06,179715
15/9-F-14,2010-01-01,18.5462,31,82221.2,70004.2,1.15613e+07,0,2652.3,2258.2,0.459872,0.851412,1.835e+06,249719
15/9-F-14,2010-02-01,19.5154,28,62093,62000.2,8.75125e+06,0,2217.61,2214.29,0.499626,0.998507,1.89709e+06,311720
15/9-F-14,2010-03-01,20.4846,31,66989.2,64560.8,9.42181e+06,0,2160.94,2082.61,0.49077,0.963749,1.96408e+06,376281
15/9-F-14,2010-04-01,21.4867,30,73035.8,69865.3,1.02885e+07,0,2434.53,2328.84,0.488907,0.95659,2.03712e+06,446146
15/9-F-14,2010-05-01,22.4887,31,87809.3,85315.4,1.24903e+07,0,2832.56,2752.11,0.492798,0.971599,2.12493e+06,531461
15/9-F-14,2010-06-01,23.4908,30,75309.8,96580.9,1.07566e+07,0,2510.33,3219.36,0.561874,1.28245,2.20024e+06,628042
15/9-F-14,2010-07-01,24.4928,31,69600.2,101216,1.00735e+07,0,2245.17,3265.04,0.592544,1.45425,2.26984e+06,729259
15/9-F-14,2010-08-01,25.5113,31,38413.7,56452.9,5.54325e+06,0,1239.15,1821.06,0.595076,1.4696,2.30825e+06,785711
15/9-F-14,2010-09-01,26.5133,30,55405.2,66506.8,8.26055e+06,0,1846.84,2216.89,0.545531,1.20037,2.36366e+06,852218
15/9-F-14,2010-10-01,27.5154,31,78755.3,100949,1.18538e+07,0,2540.49,3256.42,0.561751,1.28181,2.44241e+06,953167
15/9-F-14,2010-11-01,28.5175,30,62555.5,96970,9.48535e+06,0,2085.18,3232.33,0.607865,1.55014,2.50497e+06,1.05014e+06
15/9-F-14,2010-12-01,29.5195,31,63886.2,111640,9.76316e+06,0,2060.85,3601.31,0.636031,1.74749,2.56885e+06,1.16178e+06
15/9-F-14,2011-01-01,30.538,31,61328.4,111168,9.3532e+06,0,1978.34,3586.07,0.644465,1.81267,2.63018e+06,1.27295e+06
15/9-F-14,2011-02-01,31.5072,28,44066.3,79492.1,6.83011e+06,0,1573.8,2839,0.643357,1.80392,2.67425e+06,1.35244e+06
15/9-F-14,2011-03-01,32.4764,31,56710,117498,8.73375e+06,0,1829.35,3790.27,0.67447,2.07192,2.73096e+06,1.46994e+06
15/9-F-14,2011-04-01,33.4784,30,51814.2,122054,8.05224e+06,0,1727.14,4068.45,0.701991,2.3556,2.78277e+06,1.59199e+06
15/9-F-14,2011-05-01,34.4805,31,51121.6,129332,7.97293e+06,0,1649.08,4172,0.716705,2.52989,2.8339e+06,1.72132e+06
15/9-F-14,2011-06-01,35.4825,30,31194.5,81258.8,4.83591e+06,0,1039.82,2708.63,0.7226,2.60491,2.86509e+06,1.80258e+06
15/9-F-14,2011-07-01,36.4846,31,20211.3,42012.1,3.06457e+06,0,651.978,1355.23,0.675182,2.07864,2.8853e+06,1.84459e+06
15/9-F-14,2011-08-01,37.5031,31,49730.3,108935,7.68161e+06,0,1604.2,3514.02,0.686571,2.19051,2.93503e+06,1.95353e+06
15/9-F-14,2011-09-01,38.5051,30,51053.1,133958,8.02138e+06,0,1701.77,4465.25,0.724053,2.62389,2.98608e+06,2.08748e+06
15/9-F-14,2011-10-01,39.5072,31,21807.2,56487.9,3.40634e+06,0,703.459,1822.19,0.721474,2.59033,3.00789e+06,2.14397e+06
15/9-F-14,2011-11-01,40.5092,30,35043.9,73586.4,5.38124e+06,0,1168.13,2452.88,0.677402,2.09984,3.04294e+06,2.21756e+06
15/9-F-14,2011-12-01,41.5113,31,34166.4,74442.9,5.14297e+06,0,1102.14,2401.38,0.685419,2.17883,3.0771e+06,2.292e+06
15/9-F-14,2012-01-01,42.5298,31,27309.2,57518.4,4.15616e+06,0,880.943,1855.43,0.678062,2.10619,3.10441e+06,2.34952e+06
15/9-F-14,2012-02-01,43.5154,29,36797.7,55275.8,5.59856e+06,0,1268.88,1906.06,0.600345,1.50216,3.14121e+06,2.4048e+06
15/9-F-14,2012-03-01,44.501,31,34745.6,60225.9,5.37819e+06,0,1120.83,1942.77,0.634147,1.73334,3.17595e+06,2.46502e+06
15/9-F-14,2012-04-01,45.5031,30,36509.8,72811.2,5.67323e+06,0,1216.99,2427.04,0.666031,1.99429,3.21246e+06,2.53783e+06
15/9-F-14,2012-05-01,46.5051,31,35052,82877.3,5.49539e+06,0,1130.71,2673.46,0.702771,2.36441,3.24752e+06,2.62071e+06
15/9-F-14,2012-06-01,47.5072,30,31665.5,80184.2,4.98041e+06,0,1055.52,2672.81,0.716892,2.53222,3.27918e+06,2.7009e+06
15/9-F-14,2012-07-01,48.5092,31,32960.7,83969.6,5.18126e+06,0,1063.25,2708.7,0.718117,2.54757,3.31214e+06,2.78486e+06
15/9-F-14,2012-08-01,49.5277,31,12689.8,33257.3,1.97423e+06,0,409.35,1072.82,0.723817,2.62078,3.32483e+06,2.81812e+06
15/9-F-14,2012-09-01,50.5298,30,1655.08,2918.19,245981,0,55.1693,97.273,0.638097,1.76317,3.32649e+06,2.82104e+06
15/9-F-14,2012-10-01,51.5318,31,33944,60061.4,5.15506e+06,0,1094.97,1937.46,0.638914,1.76942,3.36043e+06,2.8811e+06
15/9-F-14,2012-11-01,52.5339,30,34931.7,87226.6,5.48569e+06,0,1164.39,2907.55,0.714046,2.49707,3.39536e+06,2.96833e+06
15/9-F-14,2012-12-01,53.5359,31,30122.9,93523.5,4.85489e+06,0,971.706,3016.89,0.756379,3.10473,3.42549e+06,3.06185e+06
15/9-F-14,2013-01-01,54.5544,31,30184.8,99784.4,4.83472e+06,0,973.703,3218.85,0.767754,3.30578,3.45567e+06,3.16164e+06
15/9-F-14,2013-02-01,55.5236,28,26595.5,92120.6,4.19633e+06,0,949.84,3290.02,0.775974,3.46376,3.48227e+06,3.25376e+06
15/9-F-14,2013-03-01,56.4928,31,18816.5,70618.7,2.78379e+06,0,606.985,2278.02,0.789607,3.75302,3.50108e+06,3.32438e+06
15/9-F-14,2013-04-01,57.4949,30,22875.4,79450.3,3.67626e+06,0,762.514,2648.34,0.776445,3.47317,3.52396e+06,3.40383e+06
15/9-F-14,2013-05-01,58.4969,31,27661.5,109553,4.52593e+06,0,892.307,3533.97,0.798407,3.96049,3.55162e+06,3.51338e+06
15/9-F-14,2013-06-01,59.499,30,22298.3,93413.2,3.65274e+06,0,743.275,3113.77,0.807294,4.18926,3.57392e+06,3.60679e+06
15/9-F-14,2013-07-01,60.501,31,22602.8,94589.4,3.5534e+06,0,729.122,3051.27,0.807131,4.18486,3.59652e+06,3.70138e+06
15/9-F-14,2013-08-01,61.5195,31,21666.9,91453.2,3.25956e+06,0,698.932,2950.1,0.808461,4.22087,3.61819e+06,3.79283e+06
15/9-F-14,2013-09-01,62.5216,30,17870.7,92677.1,2.70786e+06,0,595.691,3089.24,0.838344,5.18597,3.63606e+06,3.88551e+06
15/9-F-14,2013-10-01,63.5236,31,18441.1,96753.6,2.75714e+06,0,594.875,3121.08,0.839914,5.24662,3.6545e+06,3.98227e+06
15/9-F-14,2013-11-01,64.5257,30,19248.7,103738,2.85358e+06,0,641.622,3457.93,0.84349,5.38936,3.67375e+06,4.086e+06
15/9-F-14,2013-12-01,65.5277,31,15496,97307.3,2.33052e+06,0,499.87,3138.95,0.862628,6.27952,3.68924e+06,4.18331e+06
15/9-F-14,2014-01-01,66.5462,31,16686.6,106726,2.42675e+06,0,538.277,3442.77,0.86479,6.3959,3.70593e+06,4.29004e+06
15/9-F-14,2014-02-01,67.5154,28,14766.1,96430.3,2.16127e+06,0,527.362,3443.94,0.867207,6.5305,3.7207e+06,4.38647e+06
15/9-F-14,2014-03-01,68.4846,31,14954.8,101501,2.19638e+06,0,482.414,3274.23,0.871584,6.78718,3.73565e+06,4.48797e+06
15/9-F-14,2014-04-01,69.4867,30,16572.2,104862,2.39889e+06,0,552.408,3495.41,0.863529,6.32759,3.75222e+06,4.59283e+06
15/9-F-14,2014-05-01,70.4887,31,13637,98851.2,1.94352e+06,0,439.904,3188.75,0.878769,7.24874,3.76586e+06,4.69168e+06
15/9-F-14,2014-06-01,71.4908,30,13258,103421,1.95133e+06,0,441.933,3447.37,0.886372,7.80065,3.77912e+06,4.7951e+06
15/9-F-14,2014-07-01,72.4928,31,13496,99765.1,2.01291e+06,0,435.354,3218.23,0.880842,7.39221,3.79261e+06,4.89487e+06
15/9-F-14,2014-08-01,73.5113,31,8443.73,82815.8,1.33377e+06,0,272.378,2671.48,0.907476,9.80797,3.80106e+06,4.97768e+06
15/9-F-14,2014-09-01,74.5133,30,9622.21,97941.4,1.5167e+06,0,320.74,3264.71,0.910544,10.1787,3.81068e+06,5.07562e+06
15/9-F-14,2014-10-01,75.5154,31,10076.2,104963,1.55879e+06,0,325.039,3385.92,0.912411,10.4169,3.82076e+06,5.18059e+06
15/9-F-14,2014-11-01,76.5175,30,10386.4,103385,1.64309e+06,0,346.214,3446.16,0.908708,9.95386,3.83114e+06,5.28397e+06
15/9-F-14,2014-12-01,77.5195,31,9665.11,100255,1.60195e+06,0,311.778,3234.03,0.912071,10.3729,3.84081e+06,5.38423e+06
15/9-F-14,2015-01-01,78.538,31,9120.98,95024.9,1.35713e+06,0,294.225,3065.32,0.912421,10.4183,3.84993e+06,5.47925e+06
15/9-F-14,2015-02-01,79.5072,28,7178.8,91844.5,1.09257e+06,0,256.386,3280.16,0.927504,12.7938,3.85711e+06,5.5711e+06
15/9-F-14,2015-03-01,80.4764,31,8069.04,107454,1.19552e+06,0,260.292,3466.27,0.930152,13.3169,3.86518e+06,5.67855e+06
15/9-F-14,2015-04-01,81.4784,30,7687.2,101303,1.12124e+06,0,256.24,3376.77,0.929469,13.1781,3.87286e+06,5.77985e+06
15/9-F-14,2015-05-01,82.4805,31,7147.79,102927,1.04251e+06,0,230.574,3320.24,0.935065,14.3999,3.88001e+06,5.88278e+06
15/9-F-14,2015-06-01,83.4825,30,6069.93,100367,889056,0,202.331,3345.57,0.942972,16.5351,3.88608e+06,5.98315e+06
15/9-F-14,2015-07-01,84.4846,31,6720.74,96224.5,999142,0,216.798,3104.02,0.934715,14.3176,3.8928e+06,6.07937e+06
15/9-F-14,2015-08-01,85.5031,31,4876.31,79596.6,737505,0,157.3,2567.63,0.942274,16.3231,3.89768e+06,6.15897e+06
15/9-F-14,2015-09-01,86.5051,30,5300.41,84511.3,799235,0,176.68,2817.04,0.940983,15.9443,3.90298e+06,6.24348e+06
15/9-F-14,2015-10-01,87.5072,31,5634.86,97865,863230,0,181.77,3156.93,0.945557,17.3678,3.90861e+06,6.34135e+06
15/9-F-14,2015-11-01,88.5092,30,5431.56,96061.1,835108,0,181.052,3202.04,0.946483,17.6857,3.91405e+06,6.43741e+06
15/9-F-14,2015-12-01,89.5113,31,5158.09,94593.8,790131,0,166.39,3051.41,0.948291,18.3389,3.9192e+06,6.532e+06
15/9-F-14,2016-01-01,90.5298,31,4606.3,97147.7,721124,0,148.59,3133.8,0.954731,21.0902,3.92381e+06,6.62915e+06
15/9-F-14,2016-02-01,91.5154,29,3941.77,86357.9,621659,0,135.923,2977.86,0.956348,21.9084,3.92775e+06,6.71551e+06
15/9-F-14,2016-03-01,92.501,31,3753.8,98119.2,604911,0,121.09,3165.14,0.963152,26.1386,3.93151e+06,6.81363e+06
15/9-F-14,2016-04-01,93.5031,30,3112.41,91934.9,514414,0,103.747,3064.5,0.967254,29.5382,3.93462e+06,6.90556e+06
15/9-F-14,2016-05-01,94.5051,31,3212.96,89415.6,506857,0,103.644,2884.37,0.965313,27.8296,3.93783e+06,6.99498e+06
15/9-F-14,2016-06-01,95.5072,30,3075.03,88380.7,495104,0,102.501,2946.02,0.966377,28.7414,3.94091e+06,7.08336e+06
15/9-F-14,2016-07-01,96.5092,31,1326.86,37892.5,215289,0,42.8019,1222.34,0.966168,28.558,3.94223e+06,7.12125e+06
15/9-F-14,2016-08-01,97.5277,31,0,0,0,0,0,0,,,3.94223e+06,7.12125e+06
15/9-F-14,2016-09-01,98.5298,30,0,0,0,0,0,0,,,3.94223e+06,7.12125e+06
15/9-F-15 D,2014-01-01,0.50924,31,5674.63,0,820969,0,183.053,0,0,0,5674.63,0
15/9-F-15 D,2014-02-01,1.47844,28,7898.6,0,1.19618e+06,0,282.093,0,0,0,13573.2,0
15/9-F-15 D,2014-03-01,2.44764,31,7081.47,0,1.07636e+06,0,228.435,0,0,0,20654.7,0
15/9-F-15 D,2014-04-01,3.44969,30,7163.3,0,1.07427e+06,0,238.777,0,0,0,27818,0
15/9-F-15 D,2014-05-01,4.45175,31,7218.61,0,1.014e+06,0,232.858,0,0,0,35036.6,0
15/9-F-15 D,2014-06-01,5.4538,30,7012.55,0,1.03222e+06,0,233.752,0,0,0,42049.2,0
15/9-F-15 D,2014-07-01,6.45585,31,6847.42,0,1.021e+06,0,220.885,0,0,0,48896.6,0
15/9-F-15 D,2014-08-01,7.47433,31,3475.39,0,526611,0,112.109,0,0,0,52372,0
15/9-F-15 D,2014-09-01,8.47639,30,5314.55,0,833249,0,177.152,0,0,0,57686.5,0
15/9-F-15 D,2014-10-01,9.47844,31,5732.97,182.78,886879,0,184.935,5.89613,0.0308972,0.0318823,63419.5,182.78
15/9-F-15 D,2014-11-01,10.4805,30,4716.31,192.87,732052,0,157.21,6.429,0.0392876,0.0408943,68135.8,375.65
15/9-F-15 D,2014-12-01,11.4825,31,0,0,0,0,0,0,,,68135.8,375.65
15/9-F-15 D,2015-01-01,12.501,31,5975.51,207.79,878874,0,192.758,6.7029,0.033605,0.0347736,74111.3,583.44
15/9-F-15 D,2015-02-01,13.4702,28,4581.29,258.99,696960,0,163.618,9.24964,0.0535072,0.0565321,78692.6,842.43
15/9-F-15 D,2015-03-01,14.4394,31,4133.47,309.74,610220,0,133.338,9.99161,0.0697109,0.0749346,82826.1,1152.17
15/9-F-15 D,2015-04-01,15.4415,30,4259.92,318.03,621371,0,141.997,10.601,0.06947,0.0746563,87086,1470.2
15/9-F-15 D,2015-05-01,16.4435,31,4057.96,301.77,591890,0,130.902,9.73452,0.0692176,0.074365,91143.9,1771.97
15/9-F-15 D,2015-06-01,17.4456,30,3665.8,291.57,537023,0,122.193,9.719,0.0736777,0.0795379,94809.8,2063.54
15/9-F-15 D,2015-07-01,18.4476,31,2238.45,184.75,329942,0,72.2081,5.95968,0.0762422,0.0825348,97048.2,2248.29
15/9-F-15 D,2015-08-01,19.4661,31,3577.67,1856.58,542286,0,115.409,59.8897,0.341644,0.518936,100626,4104.87
15/9-F-15 D,2015-09-01,20.4682,30,7417.35,3986.62,1.12125e+06,0,247.245,132.887,0.349582,0.537472,108043,8091.49
15/9-F-15 D,2015-10-01,21.4702,31,6346.83,3628.62,972414,0,204.736,117.052,0.363755,0.571722,114390,11720.1
15/9-F-15 D,2015-11-01,22.4723,30,3926.01,2740.47,605738,0,130.867,91.349,0.411082,0.698029,118316,14460.6
15/9-F-15 D,2015-12-01,23.4743,31,4919.04,5075.94,751607,0,158.679,163.74,0.507849,1.0319,123235,19536.5
15/9-F-15 D,2016-01-01,24.4928,31,2890.93,3648.91,445568,0,93.2558,117.707,0.557951,1.26219,126126,23185.4
15/9-F-15 D,2016-02-01,25.4784,29,5109.33,5891.02,805795,0,176.184,203.139,0.53553,1.15299,131235,29076.4
15/9-F-15 D,2016-03-01,26.4641,31,3747.55,5035.04,600594,0,120.889,162.421,0.573298,1.34356,134983,34111.5
15/9-F-15 D,2016-04-01,27.4661,30,4544.16,5688.1,751127,0,151.472,189.603,0.555899,1.25174,139527,39799.6
15/9-F-15 D,2016-05-01,28.4682,31,4699.01,6004.13,740193,0,151.581,193.682,0.560969,1.27774,144226,45803.7
15/9-F-15 D,2016-06-01,29.4702,30,3463.91,5390.5,555536,0,115.464,179.683,0.608793,1.55619,147690,51194.2
15/9-F-15 D,2016-07-01,30.4723,31,828.57,1172.18,133160,0,26.7281,37.8123,0.58587,1.4147,148519,52366.4
15/9-F-15 D,2016-08-01,31.4908,31,0,0,0,0,0,0,,,148519,52366.4
15/9-F-15 D,2016-09-01,32.4928,30,0,0,0,0,0,0,,,148519,52366.4
15/9-F-4,2007-09-01,,30,0,0,0,0,0,0,,,0,0
15/9-F-4,2007-10-01,,31,0,0,0,0,0,0,,,0,0
15/9-F-4,2007-11-01,,30,0,0,0,0,0,0,,,0,0
15/9-F-4,2007-12-01,,31,0,0,0,0,0,0,,,0,0
15/9-F-4,2008-01-01,,31,0,0,0,0,0,0,,,0,0
15/9-F-4,2008-02-01,,29,0,0,0,0,0,0,,,0,0
15/9-F-4,2008-03-01,,31,0,0,0,0,0,0,,,0,0
15/9-F-4,2008-04-01,,30,0,0,0,29752.7,0,0,,,0,0
15/9-F-4,2008-05-01,,31,0,0,0,221337,0,0,,,0,0
15/9-F-4,2008-06-01,,30,0,0,0,211804,0,0,,,0,0
15/9-F-4,2008-07-01,,31,0,0,0,232030,0,0,,,0,0
15/9-F-4,2008-08-01,,31,0,0,0,213913,0,0,,,0,0
15/9-F-4,2008-09-01,,30,0,0,0,98583.3,0,0,,,0,0
15/9-F-4,2008-10-01,,31,0,0,0,233503,0,0,,,0,0
15/9-F-4,2008-11-01,,30,0,0,0,222126,0,0,,,0,0
15/9-F-4,2008-12-01,,31,0,0,0,263192,0,0,,,0,0
15/9-F-4,2009-01-01,,31,0,0,0,246660,0,0,,,0,0
15/9-F-4,2009-02-01,,28,0,0,0,221134,0,0,,,0,0
15/9-F-4,2009-03-01,,31,0,0,0,61188,0,0,,,0,0
15/9-F-4,2009-04-01,,30,0,0,0,106559,0,0,,,0,0
15/9-F-4,2009-05-01,,31,0,0,0,231503,0,0,,,0,0
15/9-F-4,2009-06-01,,30,0,0,0,129988,0,0,,,0,0
15/9-F-4,2009-07-01,,31,0,0,0,191228,0,0,,,0,0
15/9-F-4,2009-08-01,,31,0,0,0,191924,0,0,,,0,0
15/9-F-4,2009-09-01,,30,0,0,0,163785,0,0,,,0,0
15/9-F-4,2009-10-01,,31,0,0,0,182105,0,0,,,0,0
15/9-F-4,2009-11-01,,30,0,0,0,203874,0,0,,,0,0
15/9-F-4,2009-12-01,,31,0,0,0,219529,0,0,,,0,0
15/9-F-4,2010-01-01,,31,0,0,0,222679,0,0,,,0,0
15/9-F-4,2010-02-01,,28,0,0,0,185786,0,0,,,0,0
15/9-F-4,2010-03-01,,31,0,0,0,168939,0,0,,,0,0
15/9-F-4,2010-04-01,,30,0,0,0,222633,0,0,,,0,0
15/9-F-4,2010-05-01,,31,0,0,0,252526,0,0,,,0,0
15/9-F-4,2010-06-01,,30,0,0,0,210364,0,0,,,0,0
15/9-F-4,2010-07-01,,31,0,0,0,198041,0,0,,,0,0
15/9-F-4,2010-08-01,,31,0,0,0,108632,0,0,,,0,0
15/9-F-4,2010-09-01,,30,0,0,0,145251,0,0,,,0,0
15/9-F-4,2010-10-01,,31,0,0,0,194727,0,0,,,0,0
15/9-F-4,2010-11-01,,30,0,0,0,167466,0,0,,,0,0
15/9-F-4,2010-12-01,,31,0,0,0,188426,0,0,,,0,0
15/9-F-4,2011-01-01,,31,0,0,0,189084,0,0,,,0,0
15/9-F-4,2011-02-01,,28,0,0,0,135390,0,0,,,0,0
15/9-F-4,2011-03-01,,31,0,0,0,184841,0,0,,,0,0
15/9-F-4,2011-04-01,,30,0,0,0,180529,0,0,,,0,0
15/9-F-4,2011-05-01,,31,0,0,0,188177,0,0,,,0,0
15/9-F-4,2011-06-01,,30,0,0,0,120235,0,0,,,0,0
15/9-F-4,2011-07-01,,31,0,0,0,65179.6,0,0,,,0,0
15/9-F-4,2011-08-01,,31,0,0,0,173405,0,0,,,0,0
15/9-F-4,2011-09-01,,30,0,0,0,174968,0,0,,,0,0
15/9-F-4,2011-10-01,,31,0,0,0,77828,0,0,,,0,0
15/9-F-4,2011-11-01,,30,0,0,0,121602,0,0,,,0,0
15/9-F-4,2011-12-01,,31,0,0,0,109913,0,0,,,0,0
15/9-F-4,2012-01-01,,31,0,0,0,91244.8,0,0,,,0,0
15/9-F-4,2012-02-01,,29,0,0,0,147125,0,0,,,0,0
15/9-F-4,2012-03-01,,31,0,0,0,149155,0,0,,,0,0
15/9-F-4,2012-04-01,,30,0,0,0,147366,0,0,,,0,0
15/9-F-4,2012-05-01,,31,0,0,0,149130,0,0,,,0,0
15/9-F-4,2012-06-01,,30,0,0,0,144762,0,0,,,0,0
15/9-F-4,2012-07-01,,31,0,0,0,150431,0,0,,,0,0
15/9-F-4,2012-08-01,,31,0,0,0,58172.4,0,0,,,0,0
15/9-F-4,2012-09-01,,30,0,0,0,6025.01,0,0,,,0,0
15/9-F-4,2012-10-01,,31,0,0,0,110450,0,0,,,0,0
15/9-F-4,2012-11-01,,30,0,0,0,162488,0,0,,,0,0
15/9-F-4,2012-12-01,,31,0,0,0,144569,0,0,,,0,0
15/9-F-4,2013-01-01,,31,0,0,0,155628,0,0,,,0,0
15/9-F-4,2013-02-01,,28,0,0,0,138902,0,0,,,0,0
15/9-F-4,2013-03-01,,31,0,0,0,96660,0,0,,,0,0
15/9-F-4,2013-04-01,,30,0,0,0,116028,0,0,,,0,0
15/9-F-4,2013-05-01,,31,0,0,0,156535,0,0,,,0,0
15/9-F-4,2013-06-01,,30,0,0,0,132162,0,0,,,0,0
15/9-F-4,2013-07-01,,31,0,0,0,133543,0,0,,,0,0
15/9-F-4,2013-08-01,,31,0,0,0,156071,0,0,,,0,0
15/9-F-4,2013-09-01,,30,0,0,0,130323,0,0,,,0,0
15/9-F-4,2013-10-01,,31,0,0,0,144743,0,0,,,0,0
15/9-F-4,2013-11-01,,30,0,0,0,155973,0,0,,,0,0
15/9-F-4,2013-12-01,,31,0,0,0,148594,0,0,,,0,0
15/9-F-4,2014-01-01,,31,0,0,0,147808,0,0,,,0,0
15/9-F-4,2014-02-01,,28,0,0,0,131023,0,0,,,0,0
15/9-F-4,2014-03-01,,31,0,0,0,154097,0,0,,,0,0
15/9-F-4,2014-04-01,,30,0,0,0,185314,0,0,,,0,0
15/9-F-4,2014-05-01,,31,0,0,0,156189,0,0,,,0,0
15/9-F-4,2014-06-01,,30,0,0,0,202241,0,0,,,0,0
15/9-F-4,2014-07-01,,31,0,0,0,226584,0,0,,,0,0
15/9-F-4,2014-08-01,,31,0,0,0,184110,0,0,,,0,0
15/9-F-4,2014-09-01,,30,0,0,0,199868,0,0,,,0,0
15/9-F-4,2014-10-01,,31,0,0,0,219622,0,0,,,0,0
15/9-F-4,2014-11-01,,30,0,0,0,166857,0,0,,,0,0
15/9-F-4,2014-12-01,,31,0,0,0,66671.2,0,0,,,0,0
15/9-F-4,2015-01-01,,31,0,0,0,81160.9,0,0,,,0,0
15/9-F-4,2015-02-01,,28,0,0,0,126377,0,0,,,0,0
15/9-F-4,2015-03-01,,31,0,0,0,137055,0,0,,,0,0
15/9-F-4,2015-04-01,,30,0,0,0,143683,0,0,,,0,0
15/9-F-4,2015-05-01,,31,0,0,0,128648,0,0,,,0,0
15/9-F-4,2015-06-01,,30,0,0,0,161283,0,0,,,0,0
15/9-F-4,2015-07-01,,31,0,0,0,156313,0,0,,,0,0
15/9-F-4,2015-08-01,,31,0,0,0,114753,0,0,,,0,0
15/9-F-4,2015-09-01,,30,0,0,0,133755,0,0,,,0,0
15/9-F-4,2015-10-01,,31,0,0,0,135860,0,0,,,0,0
15/9-F-4,2015-11-01,,30,0,0,0,160505,0,0,,,0,0
15/9-F-4,2015-12-01,,31,0,0,0,152922,0,0,,,0,0
15/9-F-4,2016-01-01,,31,0,0,0,152130,0,0,,,0,0
15/9-F-4,2016-02-01,,29,0,0,0,148078,0,0,,,0,0
15/9-F-4,2016-03-01,,31,0,0,0,141202,0,0,,,0,0
15/9-F-4,2016-04-01,,30,0,0,0,220078,0,0,,,0,0
15/9-F-4,2016-05-01,,31,0,0,0,269279,0,0,,,0,0
15/9-F-4,2016-06-01,,30,0,0,0,257281,0,0,,,0,0
15/9-F-4,2016-07-01,,31,0,0,0,197976,0,0,,,0,0
15/9-F-4,2016-08-01,,31,0,0,0,132383,0,0,,,0,0
15/9-F-4,2016-09-01,,30,0,0,0,61200.9,0,0,,,0,0
15/9-F-4,2016-10-01,,31,0,0,0,0,0,0,,,0,0
15/9-F-4,2016-11-01,,30,0,0,0,0,0,0,,,0,0
15/9-F-4,2016-12-01,,31,0,0,0,0,0,0,,,0,0
15/9-F-5,2007-09-01,-102.505,30,0,0,0,0,0,0,,,0,0
15/9-F-5,2007-10-01,-101.503,31,0,0,0,0,0,0,,,0,0
15/9-F-5,2007-11-01,-100.501,30,0,0,0,0,0,0,,,0,0
15/9-F-5,2007-12-01,-99.499,31,0,0,0,0,0,0,,,0,0
15/9-F-5,2008-01-01,-98.4805,31,0,0,0,0,0,0,,,0,0
15/9-F-5,2008-02-01,-97.4949,29,0,0,0,0,0,0,,,0,0
15/9-F-5,2008-03-01,-96.5092,31,0,0,0,0,0,0,,,0,0
15/9-F-5,2008-04-01,-95.5072,30,0,0,0,0,0,0,,,0,0
15/9-F-5,2008-05-01,-94.5051,31,0,0,0,0,0,0,,,0,0
15/9-F-5,2008-06-01,-93.5031,30,0,0,0,0,0,0,,,0,0
15/9-F-5,2008-07-01,-92.501,31,0,0,0,0,0,0,,,0,0
15/9-F-5,2008-08-01,-91.4825,31,0,0,0,14480.9,0,0,,,0,0
15/9-F-5,2008-09-01,-90.4805,30,0,0,0,64814.3,0,0,,,0,0
15/9-F-5,2008-10-01,-89.4784,31,0,0,0,122254,0,0,,,0,0
15/9-F-5,2008-11-01,-88.4764,30,0,0,0,219780,0,0,,,0,0
15/9-F-5,2008-12-01,-87.4743,31,0,0,0,270199,0,0,,,0,0
15/9-F-5,2009-01-01,-86.4559,31,0,0,0,253655,0,0,,,0,0
15/9-F-5,2009-02-01,-85.4867,28,0,0,0,226102,0,0,,,0,0
15/9-F-5,2009-03-01,-84.5175,31,0,0,0,81674.4,0,0,,,0,0
15/9-F-5,2009-04-01,-83.5154,30,0,0,0,104819,0,0,,,0,0
15/9-F-5,2009-05-01,-82.5133,31,0,0,0,232335,0,0,,,0,0
15/9-F-5,2009-06-01,-81.5113,30,0,0,0,133204,0,0,,,0,0
15/9-F-5,2009-07-01,-80.5092,31,0,0,0,205447,0,0,,,0,0
15/9-F-5,2009-08-01,-79.4908,31,0,0,0,198474,0,0,,,0,0
15/9-F-5,2009-09-01,-78.4887,30,0,0,0,171773,0,0,,,0,0
15/9-F-5,2009-10-01,-77.4867,31,0,0,0,200847,0,0,,,0,0
15/9-F-5,2009-11-01,-76.4846,30,0,0,0,208934,0,0,,,0,0
15/9-F-5,2009-12-01,-75.4825,31,0,0,0,225455,0,0,,,0,0
15/9-F-5,2010-01-01,-74.4641,31,0,0,0,251555,0,0,,,0,0
15/9-F-5,2010-02-01,-73.4949,28,0,0,0,199239,0,0,,,0,0
15/9-F-5,2010-03-01,-72.5257,31,0,0,0,159955,0,0,,,0,0
15/9-F-5,2010-04-01,-71.5236,30,0,0,0,143182,0,0,,,0,0
15/9-F-5,2010-05-01,-70.5216,31,0,0,0,252212,0,0,,,0,0
15/9-F-5,2010-06-01,-69.5195,30,0,0,0,217996,0,0,,,0,0
15/9-F-5,2010-07-01,-68.5175,31,0,0,0,213817,0,0,,,0,0
15/9-F-5,2010-08-01,-67.499,31,0,0,0,120306,0,0,,,0,0
15/9-F-5,2010-09-01,-66.4969,30,0,0,0,163185,0,0,,,0,0
15/9-F-5,2010-10-01,-65.4949,31,0,0,0,200667,0,0,,,0,0
15/9-F-5,2010-11-01,-64.4928,30,0,0,0,188436,0,0,,,0,0
15/9-F-5,2010-12-01,-63.4908,31,0,0,0,193373,0,0,,,0,0
15/9-F-5,2011-01-01,-62.4723,31,0,0,0,189041,0,0,,,0,0
15/9-F-5,2011-02-01,-61.5031,28,0,0,0,139467,0,0,,,0,0
15/9-F-5,2011-03-01,-60.5339,31,0,0,0,184592,0,0,,,0,0
15/9-F-5,2011-04-01,-59.5318,30,0,0,0,188899,0,0,,,0,0
15/9-F-5,2011-05-01,-58.5298,31,0,0,0,191438,0,0,,,0,0
15/9-F-5,2011-06-01,-57.5277,30,0,0,0,115811,0,0,,,0,0
15/9-F-5,2011-07-01,-56.5257,31,0,0,0,60234.7,0,0,,,0,0
15/9-F-5,2011-08-01,-55.5072,31,0,0,0,161569,0,0,,,0,0
15/9-F-5,2011-09-01,-54.5051,30,0,0,0,185636,0,0,,,0,0
15/9-F-5,2011-10-01,-53.5031,31,0,0,0,86121.1,0,0,,,0,0
15/9-F-5,2011-11-01,-52.501,30,0,0,0,111727,0,0,,,0,0
15/9-F-5,2011-12-01,-51.499,31,0,0,0,106760,0,0,,,0,0
15/9-F-5,2012-01-01,-50.4805,31,0,0,0,96145.2,0,0,,,0,0
15/9-F-5,2012-02-01,-49.4949,29,0,0,0,144177,0,0,,,0,0
15/9-F-5,2012-03-01,-48.5092,31,0,0,0,144901,0,0,,,0,0
15/9-F-5,2012-04-01,-47.5072,30,0,0,0,152914,0,0,,,0,0
15/9-F-5,2012-05-01,-46.5051,31,0,0,0,157759,0,0,,,0,0
15/9-F-5,2012-06-01,-45.5031,30,0,0,0,147175,0,0,,,0,0
15/9-F-5,2012-07-01,-44.501,31,0,0,0,155142,0,0,,,0,0
15/9-F-5,2012-08-01,-43.4825,31,0,0,0,65974,0,0,,,0,0
15/9-F-5,2012-09-01,-42.4805,30,0,0,0,8067.45,0,0,,,0,0
15/9-F-5,2012-10-01,-41.4784,31,0,0,0,118485,0,0,,,0,0
15/9-F-5,2012-11-01,-40.4764,30,0,0,0,168630,0,0,,,0,0
15/9-F-5,2012-12-01,-39.4743,31,0,0,0,154926,0,0,,,0,0
15/9-F-5,2013-01-01,-38.4559,31,0,0,0,159940,0,0,,,0,0
15/9-F-5,2013-02-01,-37.4867,28,0,0,0,147798,0,0,,,0,0
15/9-F-5,2013-03-01,-36.5175,31,0,0,0,85998.1,0,0,,,0,0
15/9-F-5,2013-04-01,-35.5154,30,0,0,0,121657,0,0,,,0,0
15/9-F-5,2013-05-01,-34.5133,31,0,0,0,170935,0,0,,,0,0
15/9-F-5,2013-06-01,-33.5113,30,0,0,0,138629,0,0,,,0,0
15/9-F-5,2013-07-01,-32.5092,31,0,0,0,131249,0,0,,,0,0
15/9-F-5,2013-08-01,-31.4908,31,0,0,0,185792,0,0,,,0,0
15/9-F-5,2013-09-01,-30.4887,30,0,0,0,141323,0,0,,,0,0
15/9-F-5,2013-10-01,-29.4867,31,0,0,0,167622,0,0,,,0,0
15/9-F-5,2013-11-01,-28.4846,30,0,0,0,167983,0,0,,,0,0
15/9-F-5,2013-12-01,-27.4825,31,0,0,0,169674,0,0,,,0,0
15/9-F-5,2014-01-01,-26.4641,31,0,0,0,139162,0,0,,,0,0
15/9-F-5,2014-02-01,-25.4949,28,0,0,0,139875,0,0,,,0,0
15/9-F-5,2014-03-01,-24.5257,31,0,0,0,168354,0,0,,,0,0
15/9-F-5,2014-04-01,-23.5236,30,0,0,0,170366,0,0,,,0,0
15/9-F-5,2014-05-01,-22.5216,31,0,0,0,155444,0,0,,,0,0
15/9-F-5,2014-06-01,-21.5195,30,0,0,0,170548,0,0,,,0,0
15/9-F-5,2014-07-01,-20.5175,31,0,0,0,149634,0,0,,,0,0
15/9-F-5,2014-08-01,-19.499,31,0,0,0,122110,0,0,,,0,0
15/9-F-5,2014-09-01,-18.4969,30,0,0,0,160662,0,0,,,0,0
15/9-F-5,2014-10-01,-17.4949,31,0,0,0,166833,0,0,,,0,0
15/9-F-5,2014-11-01,-16.4928,30,0,0,0,146407,0,0,,,0,0
15/9-F-5,2014-12-01,-15.4908,31,0,0,0,95714.4,0,0,,,0,0
15/9-F-5,2015-01-01,-14.4723,31,0,0,0,116852,0,0,,,0,0
15/9-F-5,2015-02-01,-13.5031,28,0,0,0,122958,0,0,,,0,0
15/9-F-5,2015-03-01,-12.5339,31,0,0,0,127804,0,0,,,0,0
15/9-F-5,2015-04-01,-11.5318,30,0,0,0,146997,0,0,,,0,0
15/9-F-5,2015-05-01,-10.5298,31,0,0,0,135254,0,0,,,0,0
15/9-F-5,2015-06-01,-9.52772,30,0,0,0,146026,0,0,,,0,0
15/9-F-5,2015-07-01,-8.52567,31,0,0,0,117660,0,0,,,0,0
15/9-F-5,2015-08-01,-7.50719,31,0,0,0,113141,0,0,,,0,0
15/9-F-5,2015-09-01,-6.50513,30,0,0,0,128261,0,0,,,0,0
15/9-F-5,2015-10-01,-5.50308,31,0,0,0,134375,0,0,,,0,0
15/9-F-5,2015-11-01,-4.50103,30,0,0,0,134603,0,0,,,0,0
15/9-F-5,2015-12-01,-3.49897,31,0,0,0,145383,0,0,,,0,0
15/9-F-5,2016-01-01,-2.48049,31,0,0,0,148395,0,0,,,0,0
15/9-F-5,2016-02-01,-1.49487,29,0,0,0,164189,0,0,,,0,0
15/9-F-5,2016-03-01,-0.50924,31,0,0,0,139811,0,0,,,0,0
15/9-F-5,2016-04-01,0.492813,30,3400.61,2380.78,538639,20227,113.354,79.3593,0.411801,0.700104,3400.61,2380.78
15/9-F-5,2016-05-01,1.49487,31,9724.4,3949.9,1.53468e+06,0,313.69,127.416,0.288856,0.406184,13125,6330.68
15/9-F-5,2016-06-01,2.49692,30,9121.48,2376.93,1.46856e+06,0,304.049,79.231,0.206718,0.260586,22246.5,8707.61
15/9-F-5,2016-07-01,3.49897,31,9985.29,2453.71,1.60267e+06,0,322.106,79.1519,0.197259,0.245732,32231.8,11161.3
15/9-F-5,2016-08-01,4.51745,31,8928.9,2371.86,1.41728e+06,0,288.029,76.5116,0.209885,0.265639,41160.7,13533.2
15/9-F-5,2016-09-01,5.51951,30,0,0,0,0,0,0,,,41160.7,13533.2
